,category,subgroup,name,importance,shap_mean_0,shap_mean_1,shap_mean_2
0,ohlcv,price,open,0.0,0.0,0.0,0.0
1,ohlcv,price,high,0.000710550753865391,-0.014200886711478233,0.012271111831068993,-0.003502768697217107
2,ohlcv,price,low,0.0022378216963261366,0.0,0.003680136753246188,-0.006539780646562576
3,ohlcv,price,close,0.002418483840301633,-0.0001270047068828717,0.0033426221925765276,-0.012027520686388016
4,ohlcv,price,open_pct,0.0014439404476433992,0.0014218983706086874,0.0004691291833296418,-0.006581946276128292
5,ohlcv,price,high_pct,0.0017730051185935736,-0.3359988033771515,0.11531808227300644,-0.0207423884421587
6,ohlcv,price,low_pct,0.0015716406051069498,-0.0389796644449234,-0.03201742842793465,0.026304306462407112
7,ohlcv,price,close_pct,0.005395796149969101,-0.010513871908187866,0.03756542131304741,-0.06069735065102577
8,ohlcv,price,open_spl_d1,0.002427047584205866,-0.007869190536439419,0.0026036931667476892,0.011529679410159588
9,ohlcv,price,high_spl_d1,0.0013912854483351111,-0.022354580461978912,-0.01583605818450451,-0.0022071392741054296
10,ohlcv,price,low_spl_d1,0.0016082095680758357,-0.0234233271330595,-0.00237993523478508,-0.04641799256205559
11,ohlcv,price,close_spl_d1,0.003067244775593281,0.01441258005797863,-0.008544549345970154,-0.006892572622746229
12,ohlcv,price,open_spl_d2,0.0022222157567739487,0.00919159222394228,0.004266951698809862,-0.03188859671354294
13,ohlcv,price,high_spl_d2,0.0017207288183271885,-0.011165373027324677,0.0013349339133128524,1.968139076780062e-05
14,ohlcv,price,low_spl_d2,0.0025281300768256187,-0.019487669691443443,-0.01389921735972166,-0.034166350960731506
15,ohlcv,price,close_spl_d2,0.0020070334430783987,-0.006551352329552174,0.0014272133121266961,0.012671545147895813
16,ohlcv,price,open_resid,0.0061658164486289024,0.02141854166984558,-0.020533643662929535,0.0015523257898166776
17,ohlcv,price,high_resid,0.00450135488063097,0.11107314378023148,-0.046100739389657974,0.001297126291319728
18,ohlcv,price,low_resid,0.006613554432988167,0.09894763678312302,-0.03523043543100357,-0.006836920510977507
19,ohlcv,price,close_resid,0.00822418462485075,0.07131336629390717,-0.039036042988300323,0.15600436925888062
20,ohlcv,volume,volume_pct,0.0025184075348079205,0.03125343471765518,-0.022850854322314262,0.0018387959571555257
21,ohlcv,history,open_lag1,0.016247425228357315,-0.007708436343818903,0.0,-0.0018050424987450242
22,ohlcv,history,open_lag2,0.005472270771861076,-0.0018475285032764077,0.0,0.0
23,ohlcv,history,open_lag3,0.0006761581171303988,0.0,0.006972111761569977,0.0
24,ohlcv,history,open_lag4,0.0023695083800703287,0.0,0.00594699289649725,-0.0006319489912129939
25,ohlcv,history,open_lag5,4.1952120227506384e-05,0.004364099819213152,0.0,0.0
26,ohlcv,history,open_lag6,0.00033057588734664023,0.0003889545623678714,0.0,0.0
27,ohlcv,history,open_lag7,6.315708742477e-05,0.0,0.0,-0.004404787439852953
28,ohlcv,history,open_lag8,0.00011926120350835845,0.0,0.0,0.0015434443484991789
29,ohlcv,history,open_lag9,0.0021452682558447123,0.0,0.0,0.00928068719804287
30,ohlcv,history,open_lag10,0.0052717323414981365,0.0,0.029554050415754318,-0.0004776183923240751
31,ohlcv,history,high_lag1,0.0003285727871116251,0.0007894301088526845,-0.02038719691336155,-0.013609281741082668
32,ohlcv,history,high_lag2,2.5465755243203603e-05,0.0,0.00719318725168705,-0.014146983623504639
33,ohlcv,history,high_lag3,0.000413647125242278,-0.002692593727260828,0.024457676336169243,0.0004613694327417761
34,ohlcv,history,high_lag4,0.0014178757555782795,-0.012381748296320438,0.016257183626294136,0.0
35,ohlcv,history,high_lag5,0.0001693489757599309,0.0004925018292851746,0.052352335304021835,-0.0010222350247204304
36,ohlcv,history,high_lag6,0.0025761686265468597,0.003185650333762169,0.0,-0.007193205412477255
37,ohlcv,history,high_lag7,0.0035786929074674845,-0.0008767873514443636,0.005520006641745567,-0.002428705571219325
38,ohlcv,history,high_lag8,0.0002817458880599588,-0.0016569923609495163,0.0060679856687784195,-0.0008253310807049274
39,ohlcv,history,high_lag9,0.008690985850989819,-0.001513653201982379,0.012591937556862831,0.0
40,ohlcv,history,high_lag10,0.002742281649261713,-0.003380868583917618,0.03728901967406273,-0.0235556922852993
41,ohlcv,history,low_lag1,0.00010881463094847277,-0.0025115080643445253,0.003211244475096464,0.0
42,ohlcv,history,low_lag2,0.0032898862846195698,0.0,0.016633929684758186,-0.009790853597223759
43,ohlcv,history,low_lag3,0.0011532084317877889,0.0,0.0,-0.026887431740760803
44,ohlcv,history,low_lag4,1.6687259630998597e-05,0.0035933738108724356,0.0059128995053470135,0.0
45,ohlcv,history,low_lag5,0.0035364790819585323,-0.009979063645005226,-0.000644551997538656,-0.005498938262462616
46,ohlcv,history,low_lag6,0.006641832645982504,-0.012433396652340889,-0.0024328266736119986,0.0
47,ohlcv,history,low_lag7,0.00022152521705720574,0.00412214919924736,0.0035596881061792374,-0.009453937411308289
48,ohlcv,history,low_lag8,0.0012385820737108588,0.006360157392919064,0.004815530963242054,-0.004867912270128727
49,ohlcv,history,low_lag9,0.003772807540372014,-0.003505653701722622,0.0013132627354934812,0.0013422691263258457
50,ohlcv,history,low_lag10,0.002734685782343149,0.0,0.005135705228894949,-0.01176505908370018
51,ohlcv,history,close_lag1,0.002259011846035719,0.0,0.0,0.0034529161639511585
52,ohlcv,history,close_lag2,0.0031430472154170275,0.03628493845462799,0.0017201333539560437,-0.006737413350492716
53,ohlcv,history,close_lag3,0.003232607152312994,0.0010423241183161736,-0.036352887749671936,0.0
54,ohlcv,history,close_lag4,0.004013576544821262,0.032211337238550186,0.03130428120493889,0.0006709304871037602
55,ohlcv,history,close_lag5,0.011722458526492119,0.0007289919885806739,0.0,-0.029842466115951538
56,ohlcv,history,close_lag6,0.004438347183167934,-0.011308022774755955,0.000574546109419316,-0.0017129025654867291
57,ohlcv,history,close_lag7,0.007244099397212267,-0.005817790050059557,0.003348860889673233,-0.004884331952780485
58,ohlcv,history,close_lag8,0.006169509142637253,0.0020168812479823828,0.012819870375096798,-0.00788046419620514
59,ohlcv,history,close_lag9,0.005910700187087059,0.0,0.007021080236881971,0.006526005920022726
60,ohlcv,history,close_lag10,0.00015388386964332312,-0.00598306767642498,-0.0072617423720657825,-0.006087773945182562
61,ohlcv,history,open_pct_lag1,0.0011777146719396114,0.00849295873194933,0.002488788915798068,0.012759762816131115
62,ohlcv,history,open_pct_lag2,0.002792719518765807,-0.03031463734805584,-0.008444607257843018,-0.005720977205783129
63,ohlcv,history,open_pct_lag3,0.002998078940436244,-0.006624523084610701,0.010578643530607224,-0.023074854165315628
64,ohlcv,history,open_pct_lag4,0.0029421739745885134,0.0009544903296045959,-0.010706505738198757,-0.00893302634358406
65,ohlcv,history,open_pct_lag5,0.003427389543503523,-0.0005891274777241051,-0.0009409521007910371,0.0324237197637558
66,ohlcv,history,open_pct_lag6,0.0017722675111144781,0.009538416750729084,-0.02769825980067253,0.02275264449417591
67,ohlcv,history,open_pct_lag7,0.0025327084586024284,0.0015348665183410048,-0.02636076509952545,0.013202975504100323
68,ohlcv,history,open_pct_lag8,0.0016509982524439692,-0.008401494473218918,-0.00308042299002409,-0.0076490226201713085
69,ohlcv,history,open_pct_lag9,0.0021620753686875105,-0.004128106404095888,-0.0056151775643229485,1.4281169569585472e-05
70,ohlcv,history,open_pct_lag10,0.002516231033951044,-0.037227220833301544,-0.04551790654659271,-0.03003184124827385
71,ohlcv,history,high_pct_lag1,0.0021425506565719843,-0.021251274272799492,0.004597053397446871,0.05437247082591057
72,ohlcv,history,high_pct_lag2,0.002144013764336705,-0.008545372635126114,-0.002063593128696084,0.017414553090929985
73,ohlcv,history,high_pct_lag3,0.002382664242759347,0.012679529376327991,-0.03326522186398506,-0.02350313775241375
74,ohlcv,history,high_pct_lag4,0.0025920234620571136,-0.12345493584871292,0.0575830414891243,-0.07152178138494492
75,ohlcv,history,high_pct_lag5,0.0014424531254917383,-0.017330804839730263,0.04011136665940285,0.0259673111140728
76,ohlcv,history,high_pct_lag6,0.002985606202855706,-0.00022841129975859076,0.0729784220457077,0.01619991473853588
77,ohlcv,history,high_pct_lag7,0.0025496664457023144,-0.010120311751961708,0.060577139258384705,-0.039170216768980026
78,ohlcv,history,high_pct_lag8,0.0015621880302205682,0.04874610900878906,-0.0037428117357194424,-0.022618742659687996
79,ohlcv,history,high_pct_lag9,0.002531996462494135,0.00670708017423749,0.04634837806224823,-0.06389353424310684
80,ohlcv,history,high_pct_lag10,0.002200729912146926,0.025099003687500954,0.0007241898565553129,-0.0982811227440834
81,ohlcv,history,low_pct_lag1,0.001718377461656928,-0.015223069116473198,0.0021635363809764385,-0.022003598511219025
82,ohlcv,history,low_pct_lag2,0.0022269219625741243,-0.020013734698295593,-0.028206555172801018,0.06193562224507332
83,ohlcv,history,low_pct_lag3,0.0018702528905123472,-0.09357909113168716,-0.002235911786556244,0.0583813413977623
84,ohlcv,history,low_pct_lag4,0.003080299822613597,0.01915915310382843,-0.0389699712395668,-0.00267039448954165
85,ohlcv,history,low_pct_lag5,0.0009907458443194628,0.06841099262237549,-0.11178351938724518,0.008792277425527573
86,ohlcv,history,low_pct_lag6,0.002791265258565545,-0.009661281481385231,-0.058337051421403885,0.09035131335258484
87,ohlcv,history,low_pct_lag7,0.002446684055030346,0.0297121312469244,-0.055181801319122314,-0.06092775985598564
88,ohlcv,history,low_pct_lag8,0.0018389261094853282,-0.01418534480035305,0.0033315406180918217,-0.025672832503914833
89,ohlcv,history,low_pct_lag9,0.002508319215849042,-0.015960628166794777,-0.004597607534378767,0.00993721280246973
90,ohlcv,history,low_pct_lag10,0.0021858280524611473,0.0014371202560141683,-0.0064732832834124565,-0.018104270100593567
91,ohlcv,history,close_pct_lag1,0.0020303307101130486,-0.015242201276123524,0.0004080734506715089,-0.0033362708054482937
92,ohlcv,history,close_pct_lag2,0.0032030497677624226,-0.004867597948759794,-0.018324265256524086,0.014776443131268024
93,ohlcv,history,close_pct_lag3,0.001975580584257841,-0.017949311062693596,-0.03396613150835037,0.018515396863222122
94,ohlcv,history,close_pct_lag4,0.002268910873681307,-0.00650149816647172,0.03461764007806778,-0.041677143424749374
95,ohlcv,history,close_pct_lag5,0.0037764215376228094,0.009431526996195316,-0.013175372034311295,-0.009554298594594002
96,ohlcv,history,close_pct_lag6,0.0028580997604876757,-0.026875579729676247,-0.0024178694002330303,0.019557729363441467
97,ohlcv,history,close_pct_lag7,0.0028251565527170897,0.016333233565092087,-0.047506507486104965,0.046851616352796555
98,ohlcv,history,close_pct_lag8,0.0028296122327446938,0.03770147264003754,-0.06646091490983963,0.10697312653064728
99,ohlcv,history,close_pct_lag9,0.0029748748056590557,-0.0008260388276539743,-0.010983726009726524,-0.025286437943577766
100,ohlcv,history,close_pct_lag10,0.0018947626231238246,-0.03407493233680725,-0.010711323469877243,0.0033276674803346395
101,ohlcv,history,volume_pct_lag1,0.0022837365977466106,-0.008480706252157688,0.02445293590426445,-0.09191199392080307
102,ohlcv,history,volume_pct_lag2,0.0021596550941467285,0.0032141951378434896,-9.892004891298711e-05,-0.00020638857677113265
103,ohlcv,history,volume_pct_lag3,0.0023213198874145746,-0.014321708120405674,-0.01271259319037199,-0.005678039975464344
104,ohlcv,history,volume_pct_lag4,0.0019371605012565851,0.05134643241763115,-0.029450343921780586,0.005167641211301088
105,ohlcv,history,volume_pct_lag5,0.0027145142666995525,0.0013871511910110712,-0.015154389664530754,-0.0005457677179947495
106,ohlcv,history,volume_pct_lag6,0.002161934971809387,-0.04139898344874382,0.005612439941614866,0.014518358744680882
107,ohlcv,history,volume_pct_lag7,0.0014896399807184935,-0.008519942872226238,-0.01741836592555046,0.0010782488388940692
108,ohlcv,history,volume_pct_lag8,0.0016698960680514574,-0.009610402397811413,-0.002565149450674653,0.0052051725797355175
109,ohlcv,history,volume_pct_lag9,0.0016178563237190247,-0.03915746137499809,0.021657250821590424,-0.018380817025899887
110,ohlcv,history,volume_pct_lag10,0.002288163872435689,0.0004467722319532186,-0.003005663864314556,-0.008477024734020233
111,ohlcv,candlestick_patterns,talib_patterns_mean,0.0010724806925281882,-0.030026700347661972,0.02088887430727482,0.0252514835447073
112,ohlcv,candlestick_patterns,talib_patterns_sum,0.0010213785571977496,0.0005301614874042571,-0.0044128126464784145,0.022298334166407585
113,ohlcv,candle,close_open_pct,0.0028652274049818516,0.15708912909030914,0.03302425146102905,0.04230551794171333
114,ohlcv,candle,high_close_dist_pct,0.0022570895962417126,0.005603102035820484,-0.06542762368917465,0.027635496109724045
115,ohlcv,candle,low_close_dist_pct,0.0009315717034041882,-0.029366303235292435,-0.0113750034943223,0.010994027368724346
116,ohlcv,candle,high_low_dist_pct,0.002112368354573846,-0.014237564988434315,0.04028204828500748,-0.016770824790000916
117,ohlcv,volatility,close_volatility_3d,0.004398792516440153,-0.048291947692632675,-0.12357781827449799,0.19938896596431732
118,ohlcv,volatility,close_volatility_7d,0.015839478000998497,0.017342623323202133,-0.06631981581449509,0.030681058764457703
119,ohlcv,volatility,close_volatility_30d,0.00494584022089839,0.0658179447054863,-0.19615118205547333,0.10244768112897873
120,technical,volume,pvo_12_26,0.0016605930868536234,0.001132484758272767,-0.05040367692708969,-0.0011353143490850925
121,technical,volume,adi,0.0036099248100072145,-0.00373288057744503,0.057690106332302094,-0.010446932166814804
122,technical,volume,adi_pct,0.0037085157819092274,0.11220747977495193,-0.0152194919064641,-0.018696904182434082
123,technical,volume,adi_close_convergence,0.0009575673029758036,-0.0007829867536202073,0.03298556059598923,0.0
124,technical,volume,obv,0.0017834975151345134,-0.0036354141775518656,0.003711214754730463,0.012622068636119366
125,technical,volume,obv_pct,0.0018538777949288487,-0.0044540963135659695,-0.06901276856660843,0.029908210039138794
126,technical,volume,obv_mean3_pct,0.003695354564115405,-0.003814269322901964,-0.04673667997121811,0.002454302506521344
127,technical,volume,ao_14,0.005255474708974361,0.0025014448910951614,-0.011783318594098091,0.12772898375988007
128,technical,volume,ao_14_div100,0.00012243665696587414,0.0010963763343170285,0.0,-0.013820416294038296
129,technical,volatility,adx_14,0.0026080694515258074,-0.04441868141293526,-0.11642362177371979,0.14956803619861603
130,technical,volatility,wd_14,0.00356046250090003,-0.002155476249754429,-0.03847821429371834,0.053102921694517136
131,technical,volatility,atrp_14,0.008686511777341366,0.03817054629325867,-0.07903502136468887,0.030463509261608124
132,technical,volatility,fi_13,0.003737217513844371,-0.08134087175130844,0.003424181370064616,0.12118000537157059
133,technical,volatility,fi_50,0.003340589813888073,-0.009045824408531189,-0.0446900837123394,-0.0033123292960226536
134,technical,volatility,fi_13_pct,0.003072559367865324,-0.06900851428508759,-0.07555767893791199,0.17263895273208618
135,technical,volatility,fi_50_pct,0.002203465672209859,0.01454200316220522,-0.0028490640688687563,-0.010160265490412712
136,technical,momentum,stoch_14,0.003161130240187049,0.021213820204138756,0.003570053493604064,-0.020056797191500664
137,technical,momentum,stoch_14_mean3_div100,0.00345290987752378,0.009475376456975937,0.03708666190505028,-0.024330006912350655
138,technical,momentum,rsi_14,0.0054338471964001656,-0.01633014902472496,-0.003996961750090122,0.0031244931742548943
139,technical,momentum,rsi_14_div100,0.013911789283156395,-0.009509595111012459,0.006710675545036793,-0.004540774039924145
140,technical,momentum,mfi_14,0.002136841882020235,-0.05148899182677269,-0.6804032325744629,0.026998460292816162
141,technical,momentum,mfi_14_div100,0.0009126877412199974,-0.055662963539361954,-0.024042991921305656,0.010798774659633636
142,technical,momentum,cmo_14,0.001980628352612257,0.010896212421357632,-0.028467565774917603,0.015471802093088627
143,technical,momentum,cmo_14_div100,0.00250731292180717,-9.939110896084458e-05,0.0005086736055091023,-0.0037057267036288977
144,technical,momentum,cmo_14_signal,0.0020075757056474686,-0.00013708970800507814,0.026262570172548294,0.005000001285225153
145,technical,momentum,cmo_14_diff_signal,0.0023415328469127417,-0.024594983085989952,0.046720653772354126,-0.016508718952536583
146,technical,momentum,tsi,0.0007234021322801709,-0.008733953349292278,-0.015239839442074299,0.013947582803666592
147,technical,trend,rsma_5_20,0.000880042091012001,0.0018267693230882287,-0.01745043508708477,0.0015905516920611262
148,technical,trend,rsma_8_15,0.0016854628920555115,0.023651588708162308,-0.000151699292473495,0.012051151134073734
149,technical,trend,rsma_20_50,0.0023022841196507215,0.0023235282860696316,-0.017138199880719185,0.02454511448740959
150,technical,trend,rema_5_20,0.014498134143650532,-0.005953962914645672,0.008728649467229843,-0.014967255294322968
151,technical,trend,rema_8_15,0.007012325804680586,-0.010011616162955761,-0.0049913739785552025,-0.02876463532447815
152,technical,trend,rema_20_50,0.005394304636865854,-0.00044470460852608085,0.03397276625037193,-0.026244716718792915
153,technical,trend,rsma_8_15_pct,0.0,0.0,0.0,0.0
154,technical,trend,rema_8_15_pct,0.002789864083752036,0.01972796395421028,0.004543791990727186,-0.03339019790291786
155,technical,trend,macd_12_26,0.004442435689270496,0.011732003651559353,-0.06402556598186493,0.007391152437776327
156,technical,trend,macd_12_26_signal,0.0017485982971265912,-0.014114722609519958,-0.031617917120456696,0.010674112476408482
157,technical,trend,macd_12_26_diff_signal,0.002673882292583585,0.07217549532651901,-0.22826442122459412,-0.1773654669523239
158,technical,trend,macd_12_26_pct,0.002166572492569685,-0.003596550552174449,-0.017949173226952553,0.06279928237199783
159,technical,trend,ppo_12_26,0.0027630585245788097,-0.00510440906509757,-0.02436460554599762,0.013221368193626404
160,technical,trend,ppo_12_26_signal,0.0016973622841760516,-0.00043171062134206295,-0.01343563012778759,0.001815806026570499
161,technical,trend,ppo_12_26_diff_signal,0.001677577500231564,-0.01646498590707779,0.051752958446741104,0.016055960208177567
162,technical,trend,ppo_12_26_pct,0.00235093105584383,0.003083356423303485,-0.012453985400497913,0.02361236698925495
163,blockchain,picks,adractcnt_pct,0.0023490656167268753,-0.01563374511897564,0.000986169558018446,0.004460756666958332
164,blockchain,picks,txtfrcnt_pct,0.002900186227634549,-0.051690734922885895,0.005572767462581396,-0.011401274241507053
165,blockchain,picks,hashrate_pct,0.002347117755562067,-0.0011232767719775438,-0.005782083608210087,0.02150198444724083
166,blockchain,picks,isstotntv_pct,0.00043062528129667044,0.0,0.0,0.005103896837681532
167,blockchain,picks,feetotntv_pct,0.0015358886448666453,0.0021504394244402647,0.01005046721547842,-0.016136597841978073
168,blockchain,picks,earned_vs_transacted,0.001258237287402153,-0.008690417744219303,0.006401919759809971,0.06482440233230591
169,blockchain,picks,isstot1_isstot365_pct,0.0010814927518367767,0.007197492755949497,-0.00038607142050750554,-0.0013243032153695822
170,blockchain,picks,splycur_isstot1_pct,0.0005274019204080105,0.0,0.0,-0.0018554640701040626
171,blockchain,addresses,adrbal1in100kcnt,0.0019571110606193542,-0.04608732834458351,-0.004411317408084869,0.009745621122419834
172,blockchain,addresses,adrbal1in100mcnt,0.020275572314858437,-0.0028270892798900604,-1.3952241033621249e-06,0.0
173,blockchain,addresses,adrbal1in10bcnt,0.008199420757591724,0.0,0.0,-0.005279846023768187
174,blockchain,addresses,adrbal1in10kcnt,0.002168248640373349,-0.01857968419790268,-0.030905332416296005,0.08151725679636002
175,blockchain,addresses,adrbal1in10mcnt,0.004526326898485422,-0.044516727328300476,-0.00021467095939442515,0.0
176,blockchain,addresses,adrbal1in1bcnt,0.012442472390830517,-0.0188898928463459,0.01026838831603527,-0.0033125949557870626
177,blockchain,addresses,adrbal1in1kcnt,0.0035884291864931583,0.044623129069805145,-0.024099987000226974,0.008721498772501945
178,blockchain,addresses,adrbal1in1mcnt,0.00345210381783545,-0.0009641163633204997,-0.00035971860052086413,-0.006192631088197231
179,blockchain,addresses,adrbalcnt,0.0,0.0,0.0,0.0
180,blockchain,addresses,adrbalntv0_01cnt,0.0031596533954143524,0.0,0.0,0.0041107432916760445
181,blockchain,addresses,adrbalntv0_1cnt,0.0067522358149290085,-0.01355820894241333,0.0,0.0
182,blockchain,addresses,adrbalntv10cnt,0.007358699571341276,-0.0318949930369854,0.0,-0.00035872074658982456
183,blockchain,addresses,adrbalntv100cnt,0.00012505086488090456,0.0,0.007659612223505974,-0.0027601290494203568
184,blockchain,addresses,adrbalntv100kcnt,0.004348443821072578,0.00839631725102663,0.0,0.0
185,blockchain,addresses,adrbalntv10cnt,0.007358699571341276,-0.0318949930369854,0.0,-0.00035872074658982456
186,blockchain,addresses,adrbalntv10kcnt,0.0029971732292324305,-0.002232791855931282,-0.013995788060128689,-0.014027723111212254
187,blockchain,addresses,adrbalntv1cnt,0.010877152904868126,0.0,0.006707492750138044,0.0
188,blockchain,addresses,adrbalntv1kcnt,0.0031422176398336887,-0.024510161951184273,0.009441806003451347,0.0
189,blockchain,addresses,adrbalntv1mcnt,0.0,,,
190,blockchain,addresses,adrbalntv1kcnt,0.0031422176398336887,-0.024510161951184273,0.009441806003451347,0.0
191,blockchain,addresses,adrbal1in100kcnt_pct,0.0011842630337923765,0.015456159599125385,-0.006139806471765041,-0.014219972304999828
192,blockchain,addresses,adrbal1in100mcnt_pct,0.0022536495234817266,0.007302755489945412,-0.024786200374364853,-0.002627928974106908
193,blockchain,addresses,adrbal1in10bcnt_pct,0.001560546108521521,0.06012649089097977,-0.09965899586677551,-0.00424369890242815
194,blockchain,addresses,adrbal1in10kcnt_pct,0.0019225811120122671,-0.0023421156220138073,-0.018669502809643745,0.026727264747023582
195,blockchain,addresses,adrbal1in10mcnt_pct,0.0019813114777207375,0.016359763219952583,0.018207458779215813,-0.003328501246869564
196,blockchain,addresses,adrbal1in1bcnt_pct,0.0018571747932583094,-0.0006756972870789468,-0.026745807379484177,0.015645906329154968
197,blockchain,addresses,adrbal1in1kcnt_pct,0.002507938304916024,0.001522258622571826,-0.012663456611335278,0.0005804949323646724
198,blockchain,addresses,adrbal1in1mcnt_pct,0.0017840536311268806,0.07326560467481613,-0.006782407872378826,-0.02811671607196331
199,blockchain,addresses,adrbalcnt_pct,0.0009871049551293254,-0.009270437061786652,0.11389122903347015,-0.04388507828116417
200,blockchain,addresses,adrbalntv0_01cnt_pct,0.001989683136343956,-0.03744066506624222,-0.0007638721726834774,-0.006880769040435553
201,blockchain,addresses,adrbalntv0_1cnt_pct,0.0027338487561792135,-0.0077497754245996475,-0.030599845573306084,0.010034004226326942
202,blockchain,addresses,adrbalntv10cnt_pct,0.0017082864651456475,0.04854362830519676,0.004114171955734491,-0.03862747550010681
203,blockchain,addresses,adrbalntv100cnt_pct,0.0020566454622894526,-0.10745455324649811,0.08698402345180511,-0.05307064577937126
204,blockchain,addresses,adrbalntv100kcnt_pct,0.0,0.0,0.0,0.0
205,blockchain,addresses,adrbalntv10cnt_pct,0.0017082864651456475,0.04854362830519676,0.004114171955734491,-0.03862747550010681
206,blockchain,addresses,adrbalntv10kcnt_pct,0.004880169872194529,-0.002294579753652215,-0.0029637101106345654,-0.009293418377637863
207,blockchain,addresses,adrbalntv1cnt_pct,0.0024987708311527967,-0.007318974006921053,0.00237636617384851,-0.0006234896718524396
208,blockchain,addresses,adrbalntv1kcnt_pct,0.002459174022078514,-0.09533924609422684,-0.007433348800987005,-0.014333452098071575
209,blockchain,addresses,adrbalntv1mcnt_pct,0.0,,,
210,blockchain,addresses,adrbalntv1kcnt_pct,0.002459174022078514,-0.09533924609422684,-0.007433348800987005,-0.014333452098071575
211,blockchain,network_usage,blkcnt,0.0013074757298454642,0.021148759871721268,-0.014088928699493408,-0.019202711060643196
212,blockchain,network_usage,blksizemeanbyte,0.004312110599130392,0.015616429969668388,-0.009313319809734821,-0.0009622384677641094
213,blockchain,network_usage,blkwghtmean,0.00028018513694405556,0.007706368342041969,0.0,-0.00032119767274707556
214,blockchain,network_usage,blkwghttot,0.005156709346920252,0.021380553022027016,-0.01706624962389469,0.002361080376431346
215,blockchain,network_usage,blkcnt_pct,0.003519341815263033,-0.0072242338210344315,0.001341009046882391,0.001029343344271183
216,blockchain,network_usage,blksizemeanbyte_pct,0.0020117356907576323,-0.02302740514278412,0.07346072047948837,-0.0048004500567913055
217,blockchain,network_usage,blkwghtmean_pct,0.0023222595918923616,-0.014278476126492023,0.005355916917324066,-0.007544612977653742
218,blockchain,network_usage,blkwghttot_pct,0.0015238552587106824,-0.06721048802137375,-0.004821849521249533,0.008933864533901215
219,blockchain,market,capact1yrusd,0.0,,,
220,blockchain,market,capmvrvcur,0.0,,,
221,blockchain,market,capmvrvff,0.0,,,
222,blockchain,market,capmrktcurusd,0.0,,,
223,blockchain,market,capmrktffusd,0.0,,,
224,blockchain,market,caprealusd,0.006036549806594849,-0.004127104766666889,0.023702092468738556,-0.09470099955797195
225,blockchain,market,pricebtc,0.0,,,
226,blockchain,market,roi30d,0.0,,,
227,blockchain,market,vtydayret30d,0.0,,,
228,blockchain,market,capact1yrusd_pct,0.0,,,
229,blockchain,market,capmvrvcur_pct,0.0,,,
230,blockchain,market,capmvrvff_pct,0.0,,,
231,blockchain,market,capmrktcurusd_pct,0.0,,,
232,blockchain,market,capmrktffusd_pct,0.0,,,
233,blockchain,market,caprealusd_pct,0.001931358827278018,-0.02337661199271679,0.046198174357414246,0.03933132067322731
234,blockchain,market,pricebtc_pct,0.0,,,
235,blockchain,market,roi30d_pct,0.0,,,
236,blockchain,market,vtydayret30d_pct,0.0,,,
237,blockchain,mining,difflast,0.0,0.0,0.0,0.0
238,blockchain,mining,diffmean,0.0,0.0,0.0,0.0
239,blockchain,mining,hashrate,0.008630258031189442,-0.010137492790818214,0.013182688504457474,-0.0007706541800871491
240,blockchain,mining,hashrate30d,0.00045365624828264117,0.0004231223138049245,0.0,0.0
241,blockchain,mining,revhashntv,0.01864766702055931,0.022262265905737877,0.0,0.0
242,blockchain,mining,revhashratentv,0.0,0.0,0.0,0.0
243,blockchain,mining,revhashrateusd,0.0,,,
244,blockchain,mining,revhashusd,0.0,,,
245,blockchain,mining,splyminer0hopallntv,0.0021204070653766394,0.003881853073835373,-0.022500520572066307,-0.008074929006397724
246,blockchain,mining,splyminer0hopallusd,0.0,,,
247,blockchain,mining,splyminer1hopallntv,0.0017630545189604163,-0.00673263194039464,-0.013110144063830376,0.04670000821352005
248,blockchain,mining,splyminer1hopallusd,0.0,,,
249,blockchain,mining,difflast_pct,0.004579679109156132,-0.0013601251412183046,-0.0003102958726231009,-0.00017381568613927811
250,blockchain,mining,diffmean_pct,0.009574731811881065,-0.00031553368899039924,0.0007562966202385724,-0.006350258365273476
251,blockchain,mining,hashrate_pct,0.002347117755562067,-0.0011232767719775438,-0.005782083608210087,0.02150198444724083
252,blockchain,mining,hashrate30d_pct,0.002396194962784648,-0.014226732775568962,0.006854916922748089,-0.02844054624438286
253,blockchain,mining,revhashntv_pct,0.005087831523269415,-0.0065642003901302814,-0.001550668035633862,0.03572472557425499
254,blockchain,mining,revhashratentv_pct,0.0015045099426060915,-0.036614976823329926,-0.04471827298402786,0.06639736890792847
255,blockchain,mining,revhashrateusd_pct,0.0,,,
256,blockchain,mining,revhashusd_pct,0.0,,,
257,blockchain,mining,splyminer0hopallntv_pct,0.002147160703316331,0.02359083667397499,-0.024198459461331367,0.02472873032093048
258,blockchain,mining,splyminer0hopallusd_pct,0.0,,,
259,blockchain,mining,splyminer1hopallntv_pct,0.0016564535908401012,-0.07571221888065338,0.0462522991001606,-0.00269595580175519
260,blockchain,mining,splyminer1hopallusd_pct,0.0,,,
261,blockchain,fees_revenue,feebytemeanntv,0.00372377154417336,-0.01776639185845852,-0.05607495456933975,0.01828876882791519
262,blockchain,fees_revenue,feemeanntv,0.002239127643406391,0.0104545708745718,-0.07095786929130554,0.010574279353022575
263,blockchain,fees_revenue,feemeanusd,0.0,,,
264,blockchain,fees_revenue,feemedusd,0.0,,,
265,blockchain,fees_revenue,feetotntv,0.002214201260358095,-0.007780521642416716,-0.029282592236995697,-0.09090057015419006
266,blockchain,fees_revenue,feetotusd,0.0,,,
267,blockchain,fees_revenue,gaslmtblk,0.0,,,
268,blockchain,fees_revenue,gaslmtblkmean,0.0,,,
269,blockchain,fees_revenue,gaslmttx,0.0,,,
270,blockchain,fees_revenue,gaslmttxmean,0.0,,,
271,blockchain,fees_revenue,gasusedtx,0.0,,,
272,blockchain,fees_revenue,gasusedtxmean,0.0,,,
273,blockchain,fees_revenue,revalltimeusd,0.0,,,
274,blockchain,fees_revenue,revntv,0.0014941920526325703,0.03641932085156441,-0.24381312727928162,-0.009604739025235176
275,blockchain,fees_revenue,revusd,0.0,,,
276,blockchain,fees_revenue,feebytemeanntv_pct,0.0017283816123381257,0.0405651330947876,-0.017172683030366898,-0.02658608928322792
277,blockchain,fees_revenue,feemeanntv_pct,0.0025245079305022955,-0.03296983987092972,0.0028197153005748987,-0.0008833723259158432
278,blockchain,fees_revenue,feemeanusd_pct,0.0,,,
279,blockchain,fees_revenue,feemedusd_pct,0.0,,,
280,blockchain,fees_revenue,feetotntv_pct,0.0015358886448666453,0.0021504394244402647,0.01005046721547842,-0.016136597841978073
281,blockchain,fees_revenue,feetotusd_pct,0.0,,,
282,blockchain,fees_revenue,gaslmtblk_pct,0.0,,,
283,blockchain,fees_revenue,gaslmtblkmean_pct,0.0,,,
284,blockchain,fees_revenue,gaslmttx_pct,0.0,,,
285,blockchain,fees_revenue,gaslmttxmean_pct,0.0,,,
286,blockchain,fees_revenue,gasusedtx_pct,0.0,,,
287,blockchain,fees_revenue,gasusedtxmean_pct,0.0,,,
288,blockchain,fees_revenue,revalltimeusd_pct,0.0,,,
289,blockchain,fees_revenue,revntv_pct,0.0014345021918416023,-0.004686645232141018,-0.010967349633574486,-0.0014379248023033142
290,blockchain,fees_revenue,revusd_pct,0.0,,,
291,blockchain,exchange,flowinexntv,0.0007601394318044186,-0.006049923598766327,-0.02385593205690384,-0.000492256018333137
292,blockchain,exchange,flowinexusd,0.0,,,
293,blockchain,exchange,flowoutexntv,0.0018225746462121606,0.005176912061870098,-0.03980519622564316,-0.06793751567602158
294,blockchain,exchange,flowoutexusd,0.0,,,
295,blockchain,exchange,flowtfrfromexcnt,0.005141468718647957,-0.026467779651284218,0.3100774884223938,-0.010949627496302128
296,blockchain,exchange,flowinexntv_pct,0.0016396429855376482,0.08652372658252716,-0.05238141864538193,-0.007216040510684252
297,blockchain,exchange,flowinexusd_pct,0.0,,,
298,blockchain,exchange,flowoutexntv_pct,0.001983118010684848,-0.04208562895655632,0.014469141140580177,0.0050194887444376945
299,blockchain,exchange,flowoutexusd_pct,0.0,,,
300,blockchain,exchange,flowtfrfromexcnt_pct,0.0015641851350665092,-0.09810018539428711,0.01364811696112156,-0.009509321302175522
301,blockchain,supply,isscontntv,0.004912071395665407,0.06751494109630585,-0.10006270557641983,-0.021940739825367928
302,blockchain,supply,isscontpctann,0.007560661993920803,0.0016962186200544238,-0.0007264702580869198,0.0
303,blockchain,supply,isscontpctday,0.012261365540325642,0.0006294178310781717,-0.0026591180358082056,0.0
304,blockchain,supply,isscontusd,0.0,,,
305,blockchain,supply,ser,0.0046461159363389015,-0.0005356736946851015,-0.0018613521242514253,0.0
306,blockchain,supply,splyact10yr,0.0,0.0,0.0,0.0
307,blockchain,supply,splyact180d,0.0022709385957568884,0.06331965327262878,-0.09409287571907043,-0.002625249093398452
308,blockchain,supply,splyact1d,0.0019473464926704764,-0.08136743307113647,0.00331452046521008,0.05981428548693657
309,blockchain,supply,splyact1yr,0.0012684284010902047,-0.028875159099698067,-5.510039409273304e-05,0.01349694188684225
310,blockchain,supply,splyact2yr,0.0024273120798170567,-0.0052911704406142235,0.07197508215904236,0.07539597153663635
311,blockchain,supply,splyact30d,0.001209285925142467,-0.01307197567075491,-0.03777192533016205,0.011130551807582378
312,blockchain,supply,splyact3yr,0.010834788903594017,-0.029560836032032967,0.0,-0.030599204823374748
313,blockchain,supply,splyact4yr,0.0,0.0,0.0,0.0
314,blockchain,supply,splyact5yr,0.015478613786399364,-0.002832777099683881,-0.025119278579950333,0.0018955040723085403
315,blockchain,supply,splyact7d,0.0016548710409551859,-0.058711208403110504,-0.0050340392626821995,-0.012857497669756413
316,blockchain,supply,splyact90d,0.0021734721958637238,0.003490618895739317,0.0013970952713862062,0.013177732937037945
317,blockchain,supply,splyactever,0.0,0.0,0.0,0.0
318,blockchain,supply,splyactpct1yr,0.002710997126996517,0.008633638732135296,0.0005838366341777146,-0.0016355083789676428
319,blockchain,supply,splyadrbal1in100k,0.0,0.0,0.0,0.0
320,blockchain,supply,splyadrbal1in100m,0.0,0.0,0.0,0.0
321,blockchain,supply,splyadrbal1in10b,0.0,0.0,0.0,0.0
322,blockchain,supply,splyadrbal1in10k,0.0016634349012747407,0.013953324407339096,-0.011376995593309402,0.02053147740662098
323,blockchain,supply,splyadrbal1in10m,0.0,0.0,0.0,0.0
324,blockchain,supply,splyadrbal1in1b,0.0,0.0,0.0,0.0
325,blockchain,supply,splyadrbal1in1k,0.0006030123331584036,-0.01591181568801403,0.010873216204345226,-0.02314024232327938
326,blockchain,supply,splyadrbal1in1m,0.0,0.0,0.0,0.0
327,blockchain,supply,splyadrbalntv0_001,0.0,0.0,0.0,0.0
328,blockchain,supply,splyadrbalntv0_01,0.0,0.0,0.0,0.0
329,blockchain,supply,splyadrbalntv0_1,0.0,0.0,0.0,0.0
330,blockchain,supply,splyadrbalntv1,0.0,0.0,0.0,0.0
331,blockchain,supply,splyadrbalntv10,0.0,0.0,0.0,0.0
332,blockchain,supply,splyadrbalntv100,0.0,0.0,0.0,0.0
333,blockchain,supply,splyadrbalntv100k,0.0010383152402937412,0.002977024996653199,-0.020668188109993935,-0.005670498125255108
334,blockchain,supply,splyadrbalntv10k,0.0006274302722886205,0.0013408598024398088,-0.0018670458812266588,-0.00027018290711566806
335,blockchain,supply,splyadrbalntv1k,0.013281449675559998,-0.0028686674777418375,0.004319219384342432,-0.0075348070822656155
336,blockchain,supply,splyadrbalntv1m,0.0,,,
337,blockchain,supply,splyadrbalusd1,0.0,,,
338,blockchain,supply,splyadrbalusd10,0.0,,,
339,blockchain,supply,splyadrbalusd100,0.0,,,
340,blockchain,supply,splyadrbalusd100k,0.0,,,
341,blockchain,supply,splyadrbalusd10k,0.0,,,
342,blockchain,supply,splyadrbalusd10m,0.0,,,
343,blockchain,supply,splyadrbalusd1k,0.0,,,
344,blockchain,supply,splyadrbalusd1m,0.0,,,
345,blockchain,supply,splyadrtop100,0.0031970376148819923,-0.0029303710907697678,-0.0033167582005262375,-0.014889181591570377
346,blockchain,supply,splyadrtop10pct,0.0,0.0,0.0,0.0
347,blockchain,supply,splyadrtop1pct,0.0,0.0,0.0,0.0
348,blockchain,supply,splycur,0.0,0.0,0.0,0.0
349,blockchain,supply,splyexpfut10yr,0.0,0.0,0.0,0.0
350,blockchain,supply,splyff,0.0028072551358491182,0.01180583517998457,0.0005638980655930936,0.0013603573897853494
351,blockchain,supply,isscontntv_pct,0.003239578567445278,0.0,-0.0037699562963098288,-0.0007612144690938294
352,blockchain,supply,isscontpctann_pct,0.003562984522432089,0.007372841704636812,5.873412737855688e-05,-0.0009666038095019758
353,blockchain,supply,isscontpctday_pct,0.003627680940553546,0.0,-0.0006919179577380419,-0.006960998754948378
354,blockchain,supply,isscontusd_pct,0.0,,,
355,blockchain,supply,ser_pct,0.0012360551627352834,0.0248300489038229,0.03519225865602493,-0.07469997555017471
356,blockchain,supply,splyact10yr_pct,0.003689279779791832,-0.053801003843545914,0.034609850496053696,0.004884654190391302
357,blockchain,supply,splyact180d_pct,0.0028284203726798296,-0.02892233058810234,0.03806860372424126,-0.005541139282286167
358,blockchain,supply,splyact1d_pct,0.0017743142088875175,-0.018350018188357353,0.026497403159737587,-0.01962287351489067
359,blockchain,supply,splyact1yr_pct,0.002126337494701147,0.023205336183309555,-0.03031565621495247,0.038021545857191086
360,blockchain,supply,splyact2yr_pct,0.001902977586723864,-0.023510323837399483,0.005579805467277765,0.0029029862489551306
361,blockchain,supply,splyact30d_pct,0.0029073890764266253,-0.06811599433422089,0.012761550024151802,-0.014913340099155903
362,blockchain,supply,splyact3yr_pct,0.0023135575465857983,-0.09439881891012192,0.006256852298974991,0.03691187500953674
363,blockchain,supply,splyact4yr_pct,0.0038671749643981457,-0.013302072882652283,-0.03360702097415924,0.013665682636201382
364,blockchain,supply,splyact5yr_pct,0.0034553413279354572,-0.0014607023913413286,0.003917170222848654,0.00646002683788538
365,blockchain,supply,splyact7d_pct,0.0016128611750900745,-0.0023660652805119753,-0.030263761058449745,-0.07158274203538895
366,blockchain,supply,splyact90d_pct,0.0018809158354997635,-0.01741022989153862,0.01999710686504841,-0.0708264708518982
367,blockchain,supply,splyactever_pct,0.00036583346081897616,-0.010546943172812462,0.022305812686681747,-0.005308859515935183
368,blockchain,supply,splyactpct1yr_pct,0.0016025672666728497,-0.016094107180833817,-0.00725061958655715,0.017436807975172997
369,blockchain,supply,splyadrbal1in100k_pct,0.002324150176718831,0.006436473224312067,-0.01408330723643303,-0.02026374079287052
370,blockchain,supply,splyadrbal1in100m_pct,0.003587151411920786,0.04842953383922577,-0.006031485740095377,-0.0010742531158030033
371,blockchain,supply,splyadrbal1in10b_pct,0.0002654251002240926,0.0028640117961913347,-0.0014957879902794957,0.0
372,blockchain,supply,splyadrbal1in10k_pct,0.0027120839804410934,-0.009959075599908829,-0.005864250008016825,-0.010175488889217377
373,blockchain,supply,splyadrbal1in10m_pct,0.0019703353755176067,0.018090421333909035,-0.02244594134390354,0.009378871880471706
374,blockchain,supply,splyadrbal1in1b_pct,0.014118611812591553,-0.001711124088615179,0.0,0.0
375,blockchain,supply,splyadrbal1in1k_pct,0.003120338311418891,0.02305879443883896,-0.011377271264791489,-0.06536182761192322
376,blockchain,supply,splyadrbal1in1m_pct,0.0028036858420819044,-0.00935858953744173,0.012542429380118847,0.0172163974493742
377,blockchain,supply,splyadrbalntv0_001_pct,0.0,0.0,0.0,0.0
378,blockchain,supply,splyadrbalntv0_01_pct,0.0006890013464726508,0.0,0.0,0.002181688090786338
379,blockchain,supply,splyadrbalntv0_1_pct,0.002905322704464197,0.03163176029920578,-0.0036015398800373077,0.016456816345453262
380,blockchain,supply,splyadrbalntv1_pct,0.0026360161136835814,0.04300945997238159,0.005808183457702398,0.013510720804333687
381,blockchain,supply,splyadrbalntv10_pct,0.0021665904205292463,-0.04979424551129341,0.001103788148611784,0.014361920766532421
382,blockchain,supply,splyadrbalntv100_pct,0.0023826658725738525,-0.013792634941637516,0.021520409733057022,-0.003860997501760721
383,blockchain,supply,splyadrbalntv100k_pct,0.0072771478444337845,0.0,0.01299283280968666,-0.002511188155040145
384,blockchain,supply,splyadrbalntv10k_pct,0.0017656785203143954,0.03261639177799225,0.01845617964863777,-0.2489040046930313
385,blockchain,supply,splyadrbalntv1k_pct,0.0018101873574778438,0.04022254794836044,0.02835792489349842,-0.10449491441249847
386,blockchain,supply,splyadrbalntv1m_pct,0.0,,,
387,blockchain,supply,splyadrbalusd1_pct,0.0,,,
388,blockchain,supply,splyadrbalusd10_pct,0.0,,,
389,blockchain,supply,splyadrbalusd100_pct,0.0,,,
390,blockchain,supply,splyadrbalusd100k_pct,0.0,,,
391,blockchain,supply,splyadrbalusd10k_pct,0.0,,,
392,blockchain,supply,splyadrbalusd10m_pct,0.0,,,
393,blockchain,supply,splyadrbalusd1k_pct,0.0,,,
394,blockchain,supply,splyadrbalusd1m_pct,0.0,,,
395,blockchain,supply,splyadrtop100_pct,0.0017792638391256332,0.03752646595239639,-0.0062817675061523914,-0.06755062192678452
396,blockchain,supply,splyadrtop10pct_pct,0.0019853198900818825,0.04496924951672554,0.024657800793647766,-0.04296375438570976
397,blockchain,supply,splyadrtop1pct_pct,0.0013591019669547677,0.01810433715581894,0.027393503114581108,-0.0033433365169912577
398,blockchain,supply,splycur_pct,0.0,0.0,0.0,0.0
399,blockchain,supply,splyexpfut10yr_pct,0.0012546178186312318,0.020581573247909546,-0.015861529856920242,-0.07661137729883194
400,blockchain,supply,splyff_pct,0.001429727883078158,-0.009672830812633038,0.0002349049027543515,0.0017164701130241156
401,blockchain,economics,nvtadj,0.0019318516133353114,-0.006140612997114658,-0.018168985843658447,0.033095184713602066
402,blockchain,economics,nvtadjff,0.0010463556973263621,-0.032893601804971695,0.11284508556127548,-0.06730630248785019
403,blockchain,economics,nvtadj_pct,0.00273154117166996,-0.018196122720837593,-0.005373472347855568,0.0013396585127338767
404,blockchain,economics,nvtadjff_pct,0.00094291300047189,-0.028390374034643173,0.0016172067262232304,0.00044212103239260614
405,blockchain,transactions,txcnt,0.0012268892023712397,-0.0010770889930427074,-0.0002780256327241659,-0.015098942443728447
406,blockchain,transactions,txcntsec,0.004997220356017351,-0.0019276851089671254,0.0,0.0
407,blockchain,transactions,txtfrcnt,0.0041517531499266624,0.5634354948997498,-0.005712259095162153,-0.04251018911600113
408,blockchain,transactions,txtfrvaladjntv,0.0018226965330541134,0.012400763109326363,-0.02862432971596718,-0.0300169475376606
409,blockchain,transactions,txtfrvaladjusd,0.0,,,
410,blockchain,transactions,txtfrvalmeanntv,0.0019409202504903078,0.045269303023815155,-0.01903359778225422,0.012066732160747051
411,blockchain,transactions,txtfrvalmeanusd,0.0,,,
412,blockchain,transactions,txtfrvalmedntv,0.003153074299916625,-0.0018961990717798471,0.03249671310186386,-0.006667617242783308
413,blockchain,transactions,txtfrvalmedusd,0.0,,,
414,blockchain,transactions,velcur1yr,0.0022786015179008245,-0.038841355592012405,-0.016572097316384315,0.0028715638909488916
415,blockchain,transactions,txcnt_pct,0.002211557002738118,0.002009118441492319,-0.01946192979812622,-0.025973010808229446
416,blockchain,transactions,txcntsec_pct,0.0018050124635919929,0.009015023708343506,-0.004213409963995218,-0.007915960624814034
417,blockchain,transactions,txtfrcnt_pct,0.002900186227634549,-0.051690734922885895,0.005572767462581396,-0.011401274241507053
418,blockchain,transactions,txtfrvaladjntv_pct,0.0008123572333715856,0.006861448287963867,0.00970921665430069,-0.015317685902118683
419,blockchain,transactions,txtfrvaladjusd_pct,0.0,,,
420,blockchain,transactions,txtfrvalmeanntv_pct,0.001923966221511364,-0.028598150238394737,0.04695698618888855,-0.033310286700725555
421,blockchain,transactions,txtfrvalmeanusd_pct,0.0,,,
422,blockchain,transactions,txtfrvalmedntv_pct,0.0022937653120607138,0.030324716120958328,-0.00591362314298749,0.012554977089166641
423,blockchain,transactions,txtfrvalmedusd_pct,0.0,,,
424,blockchain,transactions,velcur1yr_pct,0.0014528636820614338,-0.029974665492773056,-0.07737022638320923,0.07853993028402328
